<?xml version="1.0" encoding="UTF-8" standalone="yes"?>
<addon id="repository.pp" name="PP Repository" version="0.0.0.1" provider-name="PythonPlayer">
	<extension point="xbmc.addon.repository"
		name="PythonPlayer's Add-on Repository">
		<dir minversion="14.0.0">
			<info compressed="false">https://github.com/Kodi-4-Beginners/repository.pp/raw/master/addons.xml</info>
			<checksum>https://github.com/Kodi-4-Beginners/repository.pp/raw/master/addons.xml.md5</checksum>
			<datadir zip="true">https://raw.github.com/Kodi-4-Beginners/repository.pp/master/zips/</datadir>
		</dir>
	</extension>
	<extension point="xbmc.addon.metadata">
		<summary lang="en">PythonPlayer's Add-on Repository</summary>
		<summary lang="nl">PythonPlayer's Addon Depot</summary>
		<description lang="en">PythonPlayer repository</description>
		<description lang="nl">PythonPlayer repository</description>
		<disclaimer lang="en">PythonPlayer did not make all the add-ons in this repository and is in no way responsible for their content.</disclaimer>
		<disclaimer lang="nl">PythonPlayer heeft niet alle add-ons in dit depot gemaakt en is ook op geen enkele manier verantwoordelijk voor hun inhoud.</disclaimer>
		<platform>all</platform>
		<forum></forum>
		<source>https://github.com/Kodi-4-Beginners/repository.pp/tree/master/zips/repository.pp-0.0.0.1.zip</source>
		<email></email>
	</extension>
</addon>